{"exact_match": 0.24242424242424243, "sari": 0.7061778423719823, "ged": 0.4089606835211786, "normalized_exact_match": 0.32323232323232326}