{
    "model": "/mnt/blob/deepverify-autosync_az/RM-32b-8k-16n-1e-6-d511math-roll16-p21-t08/global_step_440/actor/huggingface",
    "model_type": "Generative RM",
    "chat_template": null,
    "alpacaeval-easy": 0.94,
    "alpacaeval-hard": 0.9473684210526315,
    "alpacaeval-length": 0.9263157894736842,
    "donotanswer": 0.7352941176470589,
    "hep-cpp": 0.9939024390243902,
    "hep-go": 0.9939024390243902,
    "hep-java": 0.9817073170731707,
    "hep-js": 0.9878048780487805,
    "hep-python": 0.9939024390243902,
    "hep-rust": 0.9939024390243902,
    "llmbar-adver-GPTInst": 0.7934782608695652,
    "llmbar-adver-GPTOut": 0.7872340425531915,
    "llmbar-adver-manual": 0.7608695652173914,
    "llmbar-adver-neighbor": 0.7313432835820896,
    "llmbar-natural": 0.96,
    "math-prm": 0.9753914988814317,
    "mt-bench-easy": 1.0,
    "mt-bench-hard": 0.8378378378378378,
    "mt-bench-med": 0.975,
    "refusals-dangerous": 0.91,
    "refusals-offensive": 0.97,
    "xstest-should-refuse": 0.9935064935064936,
    "xstest-should-respond": 0.92,
    "leaderboard": {
        "Chat": 0.946927374301676,
        "Chat Hard": 0.8114035087719298,
        "Safety": 0.9067567567567567,
        "Reasoning": 0.9831225787090085
    }
}