{
    "model": "/mnt/blob/deepverify-autosync_az/7b-d511-step720",
    "model_type": "Generative RM",
    "chat_template": null,
    "alpacaeval-easy": 0.89,
    "alpacaeval-hard": 0.8631578947368421,
    "alpacaeval-length": 0.8,
    "donotanswer": 0.5955882352941176,
    "hep-cpp": 0.9329268292682927,
    "hep-go": 0.9451219512195121,
    "hep-java": 0.8597560975609756,
    "hep-js": 0.8963414634146342,
    "hep-python": 0.926829268292683,
    "hep-rust": 0.8963414634146342,
    "llmbar-adver-GPTInst": 0.6847826086956522,
    "llmbar-adver-GPTOut": 0.5957446808510638,
    "llmbar-adver-manual": 0.6304347826086957,
    "llmbar-adver-neighbor": 0.6492537313432836,
    "llmbar-natural": 0.84,
    "math-prm": 0.8903803131991052,
    "mt-bench-easy": 1.0,
    "mt-bench-hard": 0.8108108108108109,
    "mt-bench-med": 0.975,
    "refusals-dangerous": 0.81,
    "refusals-offensive": 0.99,
    "xstest-should-refuse": 0.9155844155844156,
    "xstest-should-respond": 0.78,
    "leaderboard": {
        "Chat": 0.8770949720670391,
        "Chat Hard": 0.7039473684210527,
        "Safety": 0.8067567567567567,
        "Reasoning": 0.8999665793637802
    }
}